training	Ashton Kutcher
training	Ashton Kutcher
training	Noonan
training	Picasso
training	Tom Noonan
training	Shabana Azmi
training	Mehta
training	Mehta
training	Ram
training	Sita
training	Ms Mehta
training	Ms Mehta
training	Radha
training	A.r. Rahman
training	Ashton Kutcher
training	Deepa Mehta
training	A.r. Rahman
training	Deepa Mehta
training	Deepa Mehta
training	Camilla
training	Kulbhushan Kharbanda
training	Deepa Mehta
training	Deepa Mehta
training	Nandita Das
training	Nandita Das
training	Deepa Mehta
training	Sita
training	Sita
training	Mehta
training	Mehta
training	Mehta
training	Mehta
training	Mehta
training	Mehta
training	Superb
training	Kevin Costner
training	Ashton Kutcher
training	Kenny Rogers'
training	George Clooney
training	Costner
training	Deepa Mehta
training	Sita
training	Sita
training	Sita
training	Sita
training	Deepa Mehta
training	Deepa Mehta
training	Mehta
training	Claudio Carvalho
training	William Faulkner
training	Ashton
validation	Ben Randall
validation	Shabana Azmi
validation	Nandita Das
validation	Shabana Azmi
validation	Oldboy
validation	Stanley Kubrick
validation	Chan-wook Park
validation	Emile Zola
validation	Chan-wook Park
validation	Park
validation	Chan-wook Park
validation	Park Chan-wook
validation	Park Chan-wook
validation	Bakjwi
validation	Bakjwi
validation	Dracula
validation	Aesop
validation	Chan-wook Park
validation	Chan-wook Park
validation	Hyeon
validation	Hyeon
validation	Hyeon
validation	Park Chan-wook
validation	Park
validation	Chan-wook
validation	Park Chun-wook
validation	Chan-wook Park
validation	Clancy Brown
validation	Sang
validation	Chan-wook Park
testing	Kevin Costner
testing	Costner
testing	Leonard Maltin
testing	Bob Mckimson
testing	Maria Von Trapp
testing	Julie
testing	Julie Andrews
testing	Rosie Perez
testing	Merkerson
testing	Ruben Santiago Hudson
training	Patrick Deware
training	Scott Bakula
training	Captain Jonathan Archer
training	Bob Cratchit
training	Patricia Wymer
training	Rupert Everett
training	Alisan Porter
training	Eddie Murphy
training	Olivia Dehavilland
training	Sofia Loren
training	John Holmes
training	James Cox
training	Show People
training	Tim Krabbé
training	Busy Philipps
training	Erika Christensen
training	Elisha Cook
training	Ralph Bakshi
training	Gwyneth Paltrow
training	Jeremy Northam
training	Dandy Warhols
training	Leslie Nielsen
training	Susan Hill
training	Sean Young
training	Jamie Foxx
training	Jane Russell
training	Greta Garbo
training	Elinore Randall
training	Megan Folsom
training	Mickey Rourke
training	John Ritter
training	Andy Goldsworthy
training	Eric Harris
training	Dylan Klebold
training	James Whale
training	Colin Farrel
training	Simon Scuddamore
training	Shannon Elizabeth
training	Mike Binder
training	Mahatma Gandhi
training	Sarah Kants
training	Alan Root
training	John Woo
training	Whoopi Goldberg
training	Oprah Winfrey
training	Danny Glover
training	Massimo Girotti
training	Ioan Gruffudd
training	Ben Affleck
training	Robyn Frisch
validation	Michael Douglas
validation	Pete Garrison
validation	Kira Reed
validation	Jane Jansens
validation	Dan Jansen
validation	Jason Bourne
validation	Ned Kelly
validation	Sophia Loren
validation	Lauen Montgomery
validation	Daryl Hannah
validation	Dan Burns
validation	Vin Diesel
validation	Manuel Tur
validation	David Paul
validation	James Brown
validation	Maine Pyar Kiya
validation	Nathaniel Hawthorne
validation	Domino Harvey
validation	Louis Brooks
validation	Safran Foer
validation	Michael Caine
validation	Til Schweiger
validation	Alan Arkin
validation	Barbara Stanwyck
validation	Bryan Adams
validation	Hans Zimmer
validation	Mario Caiano
validation	Mother Mopar
validation	Adam Jones
validation	Luise Rainer
testing	Das Boot
testing	Steven Dorff
testing	Michael Ballhaus
testing	Jean-marie Lamour
testing	Shane Black
testing	Colin Firth
testing	Christine Scott Thomas
testing	Gaspar Noe
testing	Phillipe Nahon
testing	Lisa Krueger
training	Rickman
training	Marilyn
training	Jack Frost
training	Chris Cooper
training	Tim Curry
training	Matthew Rhys
training	Chris Cooper
training	Patricia Clarkson
training	Tim Curry
training	Jason Donovan
training	Terry Scott
training	June Whitfield
training	Elenor Parker
training	Flynn
training	Marnie
training	Aeris
training	Tyler Sheena
training	Jenova
training	Cait Sith
training	Cait Sith
training	Tifa
training	Aeris
training	Jason Alexander
training	Tim Curry
training	Nobuo
training	Marlene
training	Duckman
training	Jason Alexander
training	David Boreanaz
training	Caroline Dhavernas
training	David Boreanaz
training	David Boreanaz
training	John Hazlett
training	John Hazlett
training	Keith Clark
training	Caroline Dhavernas
training	Thomas Jane
training	Paulina Porizkova
training	Tom Selleck
training	Aaron Eckhart
training	Mickey Rourke
training	Bock
training	George C. Scott
training	Scott
training	Pepe Le Pew
training	Betty Boop
training	Aihara
training	Yoshida
training	Ito
training	Alastair Sim
validation	Bill Paxton
validation	Harry Vardon
validation	Shia Lebouf
validation	Josh Flitter
validation	Stephen Dillane
validation	Francis
validation	Hongsheng
validation	Jia Hongsheng
validation	Lennon
validation	John Lennon
validation	Custer
validation	Sheridan
validation	Moreland
validation	Mickael Curtiz
validation	Bette Davis
validation	Spencer Tracy
validation	Anthony Quinn
validation	Madonna
validation	Griffin Dunne
validation	Mozart
validation	Joe Estevez
validation	Ed Harris
validation	Cuba Gooding
validation	Stewart
validation	Albert Hall
validation	Alfred Hitchcock
validation	Truffaut
validation	Reggie Malder
validation	Max Fleischer
validation	Lois Lane
testing	Randolph Scott
testing	Fritz Lang
testing	Dean Jagger
testing	Clive Barker
testing	Danny Elfman
testing	Doug Bradley
testing	David Cronenberg
testing	Vincent D'onofrio
testing	Shemp
testing	Curly
training	Brokeback Mountain
training	Darth Vader
training	Al Pacino
training	David Strathairn
training	John Forsythe
training	Citizen Kane
training	Stanley Holloway
training	Abraham Lincoln
training	Alpha Video
training	Robert Montgomery
training	Frank Sinatra
training	Walt Disney
training	Brighton Rock
training	Donkey Kong
training	Ralph Richardson
training	Greg Kinnear
training	David Baddiel
training	Ella Raines
training	Paul Lukas
training	Ciaran Hinds
training	Marin Preda
training	Marc Dixon
training	Simon Peacock
training	Academy Award
training	James C. Petrillo
training	Nicholas Cage
training	Will Smith
training	Paul Reiser
training	Alistair Cooke
training	Heero Yuy
training	Mr. Wells
training	Mélanie Thierry
training	Al Pacino
training	Michael Parks
training	Harlan Ellison
training	Gary Busey
training	Robin Hood
training	Art Director Dave Milton
training	Michael Jackson
training	Family Guy
training	Harrison Ford
training	John Fulton
training	Imaginary Heroes
training	Dark Heart
training	Sir Alan Sugar
training	Herbert Hoover
training	Picture Oscar
training	Al Pacino
training	Nancy Drew
training	Jane Eyre
validation	George Stevens
validation	Gentleman Jim
validation	Grace Elliot
validation	Chloe Franks
validation	Miranda Richardson
validation	Deep Space
validation	Seijun Suzuki
validation	Weird Al
validation	Guy Kibbee
validation	Please Obey
validation	Brock Lesnar
validation	Patrick Warburton
validation	Robert Louis Stevenson
validation	Franka Pontente
validation	Randy Edelman
validation	Dirty Harry
validation	Basic Instinct
validation	Steve Martin
validation	Conrad L. Hall
validation	Bill Sikes
validation	Miss Europe
validation	Grace Hartman
validation	Joseph Goebbels
validation	Bill Paxton
validation	John Speredakos
validation	Ralph Faulkner
validation	Julie Delpy
validation	John Ford
validation	Desert Island
validation	Archibald Cunningham
testing	Riff Randell
testing	Robert Downey Jr
testing	De Sica
testing	Harry Cohn
testing	Pierce Brosnon
testing	Jeffrey Goines
testing	James Bond
testing	Jeremy Northam
testing	Dil Wale Dulhaniya Le Jayenge
testing	Red Queen
training	Dreyfuss
training	Raul
training	Julia
training	Sonia Braga
training	Johnny Winters
training	Sammy Davis Jr.
training	Ike Pappas
training	Dick Cavett
training	Paul
training	Dave
training	Paul
training	Raul Julia
training	Richard Dreyfuss
training	Dreyfuss
training	Richard Dreyfuss
training	Raul Julia
training	Sonia Braga
training	Raul Julia
training	Jonathan Winters
training	Sammy Davis Jr
training	Paul Mazursky
training	Richard Dreyfuss
training	Jack Noah
training	Alfonse Sims
training	Millard Mitchell
training	Henry Brown
training	Stephen Mcnally
training	Wyatt Earp
training	Will Geer
training	Lin
training	Lin
training	Lin
training	Johnny
training	Borden Chase
training	Robert Richards
training	Steve Miller
training	Charles Drake
training	Young Bull
training	John Mcintyre
training	Dutch Henry
training	Steve Brodie
training	James Millican
training	John Doucette
training	Chuck Roberson
training	Ray Teal
training	Duryea
training	Tony Curtis
training	James Best
training	Edmund Cobb
training	John War Eagle
validation	Stewart
validation	Bat Masterson
validation	Will Geer
validation	Steve
validation	Rock Hudson
validation	Young Bull
validation	Curtis
validation	Lin Macadam
validation	James Stewart
validation	Henry Brown
validation	Stephen Mcnally
validation	Wyat Earp
validation	Jack Arnold
validation	Clint Eastwood
validation	Stewart
validation	Stewart
validation	Stewart
validation	Wyatt Earp
validation	Bat Masterson
validation	George Armstrong Custer
validation	Anthony Mann
validation	James Stewart
validation	Stewart
validation	Winchester
validation	John Mcintire
validation	Dan Duryea
validation	Millard Mitchell
validation	Shelly Winters
validation	Dan Duryea
validation	Anthony Mann
testing	Rock Hudson
testing	Eric Stoltz
testing	Daniel Greystone
testing	Buzz Aldrin
testing	Buzz Aldrin
testing	Bela Lugosi
testing	Patricia Hunter
testing	Monogram
testing	Bela Lugosi
testing	Lois Lane
testing	Bush
testing	Darwin
testing	Dr. Dre
testing	Hirsch
testing	Queen Bee
testing	Rik Mayall
testing	Rik Mayall
testing	Rudy Ray Moore
testing	Spalding Gray
testing	Willie Green
training	Barry Levinson
training	Ben Stiller
training	Bettina Hirsch
training	Bill
training	Byron Calhoun
training	Carmen Miranda
training	Cecil Watterman
training	Charles Stratton
training	Christopher Walken
training	Christopher Walken
training	Christopher Walken
training	Cindy
training	Crispin Glover
training	Daniel Roebuck
training	De Niro
training	Dennis Hopper
training	Dennis Hopper
training	Eddie Murphy
training	Gordon Clapp
training	Harvey Korman
training	Harvey Korman
training	Hrithik Roshan
training	Irvin Kershner
training	Jack Black
training	Jayne Mansfield
training	Jim Brown
training	Jimmy Mchugh
training	John Hughes
training	Johnny Mercer
training	Jonathan Scarfe
training	Kate
training	Kim Basinger
training	Lakshya
training	Lance Smith
training	Lawrence Olivier
training	Luke
training	Mari Honjo
training	Marjorie Main
training	Mitch
training	Mitch
training	Nadine Van Der Velde
training	Nielson
training	Paul
training	Paul
training	Simon
training	Simon Watterman
training	Trey
training	Trey Sellars
training	Veer-zaara
training	Willie Green
validation	Amy
validation	Arthur
validation	Atwill
validation	Blade
validation	Charles Higham
validation	Chris Rock
validation	Conan Doyle
validation	Dolph Lundgren
validation	Ed Norton
validation	Eddie
validation	Herman
validation	Herman
validation	Jackie
validation	Jackie Chan
validation	James Cagney
validation	Joe
validation	Joe
validation	Joe
validation	Joe
validation	Joe
validation	Joe
validation	Joe Dallesandro
validation	Laura Linney
validation	Neil Labute
validation	Nick Hammond
validation	Peter Parker
validation	Seth Mcfarlane
validation	Stephen Dorff
validation	Tobey Macguire
validation	Willie Green
training	Pleasance
training	Capt Dan
training	Raul Julio
training	Tom Selleck
training	Charlie Sheen
training	James Caan
training	Atwill
training	Cat Soup
training	Chin
training	Wesley Snipes
training	Mark Mothersbough
training	Vidor
training	John Cleese
training	Jess
training	Daryl Hannah
training	Bronson
training	Tom Valcojames Gandolfiniis
training	Joanna Pacula
training	Oscar
training	Fifi
training	J. Carrol Naish
training	Ben
training	Lawn Bowlsbr
training	Ian
training	Debbie
training	Brendon
training	Tim Boggs
training	Inder Kumar
training	Hari Om
training	Gina Gershon
training	Brendan Filone
training	Olsen
training	Waldemar
training	Stevens
training	Jeff
training	Antwone Fisher
training	Max
training	Sandra Bullock
training	Peter O'toole
training	Ridley Scott
training	Lindy
training	Buck Henry
training	Bogdanovich
training	Camelia Kath
training	Hitler
training	Alain Delon
training	Sticky Fingers
training	Alice
training	Schwarzenegger
training	Kareena
validation	John Carpenter
validation	Temujin
validation	Nolan
validation	Muriel
validation	Libby
validation	John Savage
validation	Anita Strindberg
validation	Dani Levy
validation	Mick Mccleery
validation	Murphy
validation	Burakov
validation	Jane
validation	Laurence Harvey
validation	Ahmed
validation	Steven Seagal
validation	Dolittle
validation	George Orwell
validation	Ninza Turtles
validation	Stephen King 
validation	Mike Nicholas Closer
validation	Jennifer Lopez
validation	Meh
validation	Max
validation	Matt
validation	Michelle Pieffer
validation	Ryan
validation	Ray Bolger
validation	James Bond
validation	Milo
validation	Gregory
testing	Scully
testing	Monroe
testing	Crowe
testing	Zizek
testing	Dalton
testing	Keane
testing	Heather Grahm
testing	Mitchell
testing	Mermaid
testing	Lew Ayres
training	Calvin
training	Richard Moll
training	Travis Davis
training	Woody Allen
training	Richard Moll
training	Stephen Garvey
training	Steve Garvey
training	Suzy Parker
training	Miss Parker
training	Joan Crawford
training	Robert Evans
training	Robert Evans
training	Joan Crawford
training	Amanda Farrell
training	Joan Crawford
training	Suzy Parker
training	Scott Clark
training	Graves
training	Tex Avery
training	Droopy
training	Tex Avery
training	Mcpoodle
training	Simon Templar
training	Paul Guilfoyle
training	George Sanders
training	George Sanders
training	George Clooney
training	Jonathan Hale
training	Paul Guilfoyle
training	Wendie Barrie
training	Fernack
training	Kristine
training	Ronald Reagan
training	Monica Lewinski
training	Kristine Debell
training	Steven Spielberg
training	Kristine
training	Richard Prior
training	Sacha Barren Cohen
training	Ali
training	Ali G
training	Sacha Baron Cohen
training	Ali G 
training	Jeff Lieberman
training	Jeff Lieberman
training	Texas Chainsaw Massacre
training	Jeff Lieberman
training	Jeff Lieberman
training	Ken Stott
training	Dci Red Metcalfe
validation	Messiah
validation	George Hilton
validation	Felipe Martinez
validation	Francois Perrin
validation	Luc Besson
validation	Richard Gere
validation	Diane Lane
validation	Chris Stokes
validation	Tim Thomerson
validation	Jekyll And Hyde
validation	Mel Brookes
validation	Chaplin
validation	Dutchess
validation	Thomas
validation	William Macy
validation	Fargoesque
validation	Bill Macy
validation	Jamie Cromwell
validation	Jerry Lundergaard
validation	Dennis Quaid
validation	Dennis Quaid
validation	Vincent D'onofrio
validation	Murphy
validation	Deniro
validation	Rene Russo
validation	Robert De Niro
validation	First Mate
validation	Walker And Luke
validation	John Corbett
validation	John Corbett
testing	Liv Ullmann
testing	Sir John Gielgud
testing	Bobby Van
testing	Liv Ullmann
testing	Lost Horizon
testing	Richard Greico
testing	Keith Richards
testing	Gary Busey
testing	Gary Busey
testing	Emanuele Crialese
training	Sadako
training	Sadako
training	Hiroshi Tôyama
training	Sadako
training	Sadako
training	Sadako
training	Sadako
training	Sadako
training	Ikuma
training	Nolte
training	Nolte
training	Thomas Edison
training	Nolte
training	Brolin
training	Brolin
training	Brolin
training	Nolte
training	Nolte
training	Brolin
training	Sadako
training	Sadako
training	Hannibal Rising
training	Sadako
training	Carrie
training	Sadako
training	Sadako
training	Sadako
training	Sadako
training	Seiichi Tanabe
training	Nakama
training	Graham Norton
training	Paddy Breathnach
training	Breathnach
training	Boyd
training	Harold Lloyd
training	Louis Walheim
training	Simon Cowell
training	Mr. Koji
training	Sadako
training	Sadako
training	Yukie Nakama
training	Sadako
training	Nakata Hideo
training	Katharine
training	Dublin
training	Nick Nolte
training	Josh Brolin
training	Simon
training	Cowell
training	Philbin
validation	David Hasselhoff
validation	Piers Morgan
validation	Brandy
validation	Brandy
validation	Cowell
validation	Simon
validation	Young Sadako
validation	Sadako
validation	Sadako
validation	Ringu
validation	Sadako
validation	Sadako
validation	Sadako
validation	Sadako
validation	Sadako
validation	Yukie Nakama
validation	Sadako
validation	Sadako
validation	Sadako
validation	Sadako
validation	Mr. Knotts
validation	Barbara Rhoades
validation	Knotts
validation	Vic Mizzy
validation	Bob Hope
validation	Sadako Yamamura
validation	Howard Hughes
validation	Nestor Almendros
validation	Sadako Yamamura
validation	Sadako
testing	Carrie White
testing	Sadako
testing	Sadako Yamamura
testing	Sadako
testing	Sadako
testing	Hiroshi Takahashi
testing	Norio Tsuruta
testing	Sadako
testing	Tsuruta
testing	Shoko Miyaji
training	Paul
training	William Forsythe
training	Paul
training	Charlotte
training	Veronica
training	Charlotte
training	John Cale
training	Boll
training	Linda
training	Tom Long
training	Lebowski
training	Frederic March
training	Murry Lerner
training	Lesley
training	Jessica Stein
training	James Earl Jones
training	Cheney
training	Wallace
training	Andy Goldsworthy
training	Slasher Cinema
training	Craze
training	Lohan
training	Dan Castellanetta
training	Inman
training	Elaine
training	Orfevres
training	Hitchcock
training	Orfevres
training	Jenny Latour
training	Martineau
training	Rita Hayworth
training	Martineau
training	Antoine
training	Louis Jouvet
training	Antoine
training	Jenny Latour
training	Detective Antoine
training	Jenny Latour
training	Jenny
training	Jouvet
training	Miss Dora Monnier
training	Ally Mcbeal
training	Rebecca Immanuel
training	Isabel Tuengerthal
training	Jim Carrey
training	Rick Marshall
training	Jim Carrey
training	Myrick
training	Brad Silberling
training	David Vaughn
validation	Victor
training	Craig Sheffer
validation	Wilfred Brimley
validation	Melissa Joan Hart
validation	Salem
validation	John Millius
validation	Morgan
validation	Ito Misaki
validation	Toyokawa Etsushi
validation	Shibasaki Kou
validation	Captain Wentworth
validation	Roosevelt
validation	Jon Fedele
validation	Vampiros Lesbos
validation	Franco
validation	Vampiros Lesbos
validation	Vampiros Lesbos
validation	Godard
validation	Marilyn Monroe
validation	Marilyn
validation	Miss Monroe
validation	Fu Manchu
validation	Mencia
validation	Carlos Mencia
validation	Ashton Kutcher
validation	Carlos Mencia
validation	Carlos Mencia
validation	Daffy
validation	Errol Flynn
validation	Sylvester
testing	Melissa
testing	Clancy B. Grass
testing	Marine Corp
testing	Jack
testing	Full Metal Jacket
testing	Ricci
testing	Tarantino
testing	Kill Bill
testing	Amitabh Bachchan
testing	Linda Carter
training	Ken Burns
training	Borowcyzk
training	David Zucker
training	Jim Morris
training	Kim Longinotto
training	Buttgereit
training	Buttgereit
training	Braveheart
training	Leif Trondstad
training	Carl Brashear
training	Michael Redgrave
training	Ros
training	Mia
training	Mia
training	Vonnegut
training	Stephen Bishop
training	Esperanza
training	Patricia Hunter
training	Robin Hood
training	Melvin Douglas
training	Heyerdahl
training	Heyerdahl
training	Barbara Stanwyck
training	Citizen Kane
training	Eddie Murphy
training	Bugs Bunny
training	Shirely Temple
training	Sharon Stone
training	Hastings
training	Wu Du
training	Brian Wright Copyright
training	Cut
training	Cut
training	Brit
training	Glenn Close
training	Mary Moronov
training	Agustí Villaronga
training	Shirley Verel
training	Jim Henson Productions
training	Will Smith
training	Kusturica
training	Brosnan
training	Brad Pitt
training	Carl Brashear
training	Daniel
training	Robert Deniro
training	Edison Chen
training	Molly Ringwald
training	Steve Queen
training	Jj Abrams
validation	Michael Keaton
validation	Paco
validation	Stephanie
validation	Ted Turner
validation	Jonny
validation	Jonny
validation	Jonny
validation	Russell Velazquez
validation	Scarman
validation	Ramo
validation	Antonioni
validation	Jim Carrey
validation	Hector
validation	Arthur Askey
validation	Madhavi Sharma
validation	Vander-geek
validation	Darling Nicki
validation	Claire Carter
validation	Gallien
validation	Homer Hickam
validation	Dr Jacques Coulardeau
validation	Werner Henze Simon
validation	Crowe
validation	Charlton Heston
validation	Jenna Jameson
validation	Henson
validation	Ben Chaplin
validation	Sean Young
validation	Brown
validation	Natali
testing	Mark
testing	Lai
testing	Jalal Merhi
testing	Lugosi
testing	Paul Gross
testing	Arthur Macarthur
testing	Wilma
testing	Temuera
testing	Andrew Gurland
testing	Gerardo
training	Barbara
training	Jack Bender
training	Jack Bender
training	Stephen Williams
training	Richard Dawson
training	Anne Rice
training	Walsh
training	Flynn
training	Elizabeth
training	Phil Sheridan
training	Winfield Scott
training	Jeb Stuart
training	Scott
training	Libby
training	Max Steiner
training	Kevin Bacon
training	Amuro Ray
training	Bernie
training	Bette Midler
training	Michael Stearns
training	Christine Ebersoll
training	Joe Chamberlain
training	Stan Laurel
training	Alain Delon
training	Bernard Fresson
training	Jim Brown
training	Rolf Bayer
training	William Holden
training	Charles Bronson
training	Jan Rosenberg
training	Jacobi
training	Bob Townsend
training	Jake Luva
training	Bert
training	Bonnie
training	William Bakewell
training	Douglas Fairbanks
training	Joan Crawford
training	Clark Gable
training	Alan Rickman
training	Aimee Brooks
training	Charles Bateman
training	Ahna Capri
training	John Ireland
training	Allison Hayes
training	Sean Connery
training	Shakespeare
training	Jim Carrey
training	Virginia Madsen
training	Rob
training	Dane Cook
validation	Shirley Knight
validation	James Caan
validation	Ashton Kutcher
validation	Jacqueline Mckenzie
validation	John Lynch
validation	Terry Gilliam
validation	Bruce Willis
validation	Madeleine Stowe
validation	Brad Pitt
validation	Santos
validation	Tito
validation	Patricia Scanlon
validation	Helen
validation	Kurt Angle
validation	Randy Orton
validation	Walter Pidgeon
validation	George Sanders
validation	Oliver Reed
validation	Ron Moody
validation	Rosario Dawson
validation	Doug Mcclure
validation	Ben
validation	Ellen
validation	Louis
validation	Harry Secombe
validation	Rose Mcgowan
validation	Mary Pickford
validation	Adolph Zukor
validation	Lloyd Hughes
validation	Mike Connors
validation	Richard Denning
testing	James
testing	Jefferson
testing	John Wood
testing	William Hurt
testing	Angela Lansbury
testing	Sam Jaffe
testing	Tom Cruise
testing	Bill Sykes
testing	Nancy
testing	George Fenton
testing	Paul Winfield
training	Jimmy Stewart
training	Lena
training	Gunga Din
training	Wil Smith
training	Amanda Burton
training	Bridget Moynahan 
training	Porter
training	Rachel Griffiths
training	Patty Duke
training	Anne Rice
training	Ilka Järvilaturi
training	Wittgenstein
training	Adrian Pasdar
training	Ozzy Osbourne
training	Ulysses
training	Emma
training	Frank Sinatra'
training	Leon Phelps
training	Claire Danes
training	Jimmy Stewart
training	Maria Flom
training	Steve Martin
training	Michael Cooney
training	Tamilyn Tomita
training	Theodore Rex
training	Chamberlain
training	Richard Widmark
training	Michael Keaton
training	Spacek  
training	Danielle Petty
training	Jack Nicholson
training	Jet Li
training	Jack Nicholson
training	Theodore Rex
training	Michael Madsen
training	Kate Jackson
training	Faye Grant
training	Jean Reno
training	Ozzy Osbourne
training	Peter Falk
training	Eddie Murphy
training	John Hughes
training	Serge Farnel
training	Dani Behr
training	Jeffery Dalmers
training	Arielle Dombasle
training	Ziva Rodann
training	Macist
training	George Goble
training	Dianne Keaton
validation	Johnson
validation	Lilith
validation	Maddy
validation	Jessica
validation	John Saxon
validation	Eagles Donovan Mcnabb
validation	Meryl Streep
validation	J. Varhola
validation	Magnolia
validation	George W. Bush
validation	Andy Fastow
validation	Dana Andrews
validation	David Bowie
validation	Dansen
validation	Seagal
validation	Tom Arnold
validation	Ironheart
validation	Nigel Hawthorne
validation	Michelle Johnson
validation	John Candy
validation	Anita Briem
validation	Vampire Assassin
validation	Helen Mirren
validation	Johnson
validation	Anthony Sabato Jr
validation	Hanks
validation	Noble Willingham
validation	Pam Grier
validation	Robin Williams
validation	Jason
testing	Dudelson  
testing	Catherine  
testing	Daniel  
testing	Patrick  
testing	Hannah
testing	Baywatch   
testing	Nick  
testing	Ryan 
testing	Disney 
testing	Hitchcock  
training	Anderson
training	Cage
training	Reinhold
training	Joe Pantoliano
training	Olver Reed
training	Shakespeare
training	Maggie Smith
training	Peter Ustinov
training	Roy Scheider
training	John Woo
training	Darren Stein
training	Darren Stein
training	Lex Barker
training	Tarzan
training	Anthony Wong
training	Yuen Woo Ping
training	Beverly D'angelo
training	Jerry Orbach
training	Jeff Goldblum
training	Cristina Raines
training	Burgess Meredith
training	Dalton
training	Clarke
training	Rochester
training	Jane
training	Ang Lee
training	Adrien
training	Sean Connery
training	David Deal
training	Irvin Kershner
training	Caleb Deschanel
training	Robert Carlyle
training	Jackson Rippner
training	Freddy Kruger
training	Cillian Murphy
training	Leo Genn
training	Anthony Steel
training	Peter Finch
training	David Tomlinson
training	Bill Travers
training	Anthony Dawson
training	Bryan Forbes
training	Michael Goodliffe
training	Walter Gotell
training	Damon
training	Julia Stiles
training	Mark Knopfler
training	Ry Cooder
training	Donald Moffat
training	Robin Williams
validation	Matt Damon
validation	Jason Bourne
validation	Louis Sachar
validation	Andrew Davis
validation	Jon Voight
validation	Billie
validation	Steve Carell
validation	Steve Carell
validation	Steve Carell
validation	Andy Stitzer
validation	Barbra Bouchet
validation	Frances Bay
validation	Robert Tessier
validation	Sally Kirkland
validation	Michael Callan
validation	Adrien Wilde
validation	Parker Posey
validation	Fay Grim
validation	Hal Hartley
validation	Hamlet
validation	Ethan Hawke
validation	Jack Nicholson
validation	Omar Epps
validation	Ice Cube
validation	Jennifer Connelly
validation	Lawrence Fishburne
validation	Errol Flynn
validation	Janine Turner
validation	Michael Rooker
validation	John Lithgow
testing	Safran Foer
testing	James Frain
testing	Ian Hart
testing	Mervyn Leroy
testing	Henry Thomas
testing	Jean Simmons
testing	Capone
testing	Julia Stiles
testing	Edward Woodward
testing	Michael Meyers
testing	Kevin Bacon
testing	Hackman
testing	Phillip Seymour Hoffman
testing	Dr Klaus
testing	Barney
testing	Mark
testing	Tripper
testing	Jon Bon Jovi
testing	Meryl Streep
testing	Natalie Portman
validation	John Kielty
validation	Chipmunks
validation	Paul Henreid
validation	Shirley Valentine
validation	Zoey
validation	Henry Brandon
validation	Clifton Webb
validation	Faulkner
validation	Rosie Perez
validation	Stanley Kubrick
validation	Angelina
validation	Edward Furlong
validation	Jim Beam
validation	Hanks
validation	Demi Moore
validation	Siegel
validation	Paul Newmans
validation	Mr Ripper
validation	Gary Busey
validation	Mark Griffiths
validation	Bruce Dern
validation	Siegel
validation	Lena Endre
validation	Sandra
validation	Giovanni Bocaccio
validation	Quenton Tarantino
validation	Darth Vadar
validation	Ross Partridge
validation	Tom Cruise
validation	Buzz Aldrin
training	Wanda
training	Michael Dorn
training	Gail O'grady
training	Emile Zola
training	Christopher Lee
training	Uma Thurman
training	Pamela Springsteen
training	Ben Affleck
training	Mckenna
training	David Self
training	Sicheritz
training	Zhang Ziyi
training	Patrick Rea
training	Robin Williams
training	Luke Perry
training	Amy Irving
training	Nicholas Cage
training	Mary Tyler Moore
training	Charles Wellington
training	Joel Hodgson
training	Billy
training	Tom Savini
training	Tom Cruise
training	Rick Mercer
training	Sterno
training	Jesse Franco
training	John Williams
training	Scarface Anyways
training	Meryl
training	Mia
training	Oliver
training	Simon Pegg
training	Conan
training	Jennie Livingston
training	Paul Muni
training	Shrek
training	Zombie
training	Diane
training	Eddie
training	Dylan O'leary
training	Corbin Bernsen
training	Bozz
training	Gena Rowland
training	Werner Henze Simon
training	Dean Koontz
training	Anthony Bourdain
training	Rea
training	Britons
training	Jim Morris
training	Bruce Willis
training	David Attenborough
training	Tommy Lee Jones
training	Sweeney
training	Mars
training	Mamin
training	Shakespeare
training	Terry
training	Bobby
training	Johnny
training	Millius
training	Jim
training	Micheal
training	Madiba
training	Charlie
training	Antoine
training	Bled
training	Koresh
training	Steele
training	Morris
training	Susie
training	Ziegfeld
training	Samantha
training	Babylon
training	Tarantino
training	Roddenberry
training	Stanton
training	Brooks
training	Stewart
training	Louis
training	Nikki
training	Mahler
training	Elenore
training	Barrymore
training	Rob Lowe
training	Samuel Goldwyn
training	Rainbow Brite
training	Nicolas Cage
training	Christopher Eccelson
training	Van Wilder
training	Chan-wook Park
training	Jalal Merhi
training	Werner Pochath
training	Lamberto Bava
training	Emily Rose
training	Nicole Eggert
training	Jim Carrey
training	Mark Hamill
training	Jalal Merhi
training	Werner Pochath
training	Osa Massen
validation	Joe Dallesandro
validation	Oliver Stone
validation	Ben Stiller
validation	Mike Meyers
validation	Melody Thomas Scott
validation	Andrei Tarkovsky
validation	Melissa Joan Hart
validation	Sarah Michelle Gellar
validation	Charelston Heston
validation	Reinhold Messner
validation	Tim Robbins
validation	Eric Roberts
validation	Van Helsing
validation	Arnold
validation	Jason Lee
validation	Chad Lowe
validation	Julian Hernandez
validation	Burt Reynolds
validation	John Rys-daves
validation	Drew Barrymore
validation	Paul Verhoeven
validation	Ralph Fiennes
validation	Lance Henrikson
validation	Peter Jackson
validation	Matthew Modine
validation	Sean Pertwee
validation	Rosanna Arquette
validation	Bob
validation	Colm Meaney
testing	Eytan Fox
testing	Aragorn
testing	Elmore Leonard
validation	Chris Bruno
testing	Laura Gemser
testing	Damon Wayans
testing	Trent Haaga
testing	Andy Copp
testing	Susan George
testing	Lance Henrikson
testing	James Wood
training	John
training	Zeke
training	M. Protsik
training	John
training	Rose
training	Aishwariya
training	Jeanne
training	Dostoyevsky
training	Brenda
training	Nicolas
training	Archer
training	Marx
training	Richard
training	Janeway
training	Brett
training	Lily
training	Aladdin
training	Helena
training	Momo
training	Yeti
training	Arkin
training	Xica
training	Judy
training	Avril
training	Kurosawa
training	Stanley
training	Olivier
training	Gigi
training	Ross
training	Davis
training	Julia
training	Eddie
training	Brosnan
training	Lars
training	Casper
training	Prizzi
training	Bach
training	Madsen
training	Cleese
training	Lugosi
training	Bob Dylan
training	Scott Bakula
training	Richard Widmark
training	Bogdanavich
training	Christopher Walken
training	Herbert Marshall
training	Leonard Maltin
training	Jessica Simpson
training	Rod Serling
training	Suess
validation	Michael Moriarty
validation	Kelly Lebrock
validation	Tom Hank
validation	William H. Macy
validation	Steve Purcell
validation	Ben Mezrich
validation	Freud
validation	Dani Behr
validation	Harlequin
validation	Quincy Jones
validation	Chris Sarandon
validation	Robin Williams
validation	Slasher
validation	Roger Corman
validation	James Spader
validation	Rhys Ifans
validation	Adam Sandler
validation	Chris Kattan
validation	Hrabal
validation	Roy Sheider
validation	Dan George
validation	Tony Scott
validation	Van Dien
validation	Phoebe Cates
validation	Ann Biller
validation	Quentin Tarantino
validation	Bruce Willis
validation	Anthony Quinn
validation	Mcdonald
validation	Julia Roberts
testing	Cameron Diaz
testing	Lisa Niemi
testing	Christopher Walken
testing	Wendell Scott
testing	Ben Stiller
testing	Michael Ironside
testing	Jackie Chan
testing	Rob Bottin
testing	Paul Koslo
testing	Philip Groning
testing	Steven Seagal
testing	John Heard
testing	John Heard
testing	Molly Ringwald
testing	Ally Sheedy
testing	Alfred Hitchcock
testing	Anthony
testing	Marisa Ryan
testing	Christopher Lee
testing	Christopher Lee
validation	Christopher
validation	Harry Potter
validation	Hillary Duff
validation	Madeline L'engle
validation	Peter Jackson
validation	L'engle
validation	Madeleine L'engle
validation	Madeleine Engle
validation	Susan George
validation	Susan George
validation	Zarchi
validation	Burt Gummer
validation	Fassbinder
validation	Fassbinder
validation	Fassbinder
validation	Elvira
validation	Elvira
validation	Kathy Bates
validation	James Woods
validation	Randy Quaid
validation	Henry Thomas
validation	James Woods
validation	Hazel
validation	Barbara Stanwyck
validation	Barbara Stanwyck
validation	Stella
validation	Stella
validation	Stella
validation	Sean Young
validation	Tom Savini
training	Jovovich
training	Welles
training	Carlito
training	Hitler
training	Dick Francis
training	Robert Morley
training	William Powell
training	John Daniels
training	Sadie Frost
training	Cinderella
training	Sam
training	Armstrong
training	Pearl Bailey
training	Any1
training	Milo
training	Getrumte Snden'
training	Lang
training	Heifetz
training	Nguyen
training	Jason
training	James Earl Jones
training	Errol Flynn
training	Michael Almereyda
training	Kevin Williamson
training	Tinker Tailor Soldier Spy
training	Julia
training	Julie Walters
training	Xantos
training	Max
training	Tom Cruise
training	Jodorowsky
training	Jackie Mason
training	Paul Reiser
training	Lancelo
training	Jim Mcbride
training	Isabelle Hupert
training	David Charvet
training	Jack Nicholson
training	Jeff Hardy
training	Pat
training	Fishburne
training	Oliver Stapleton
training	Luke Wilson
training	Hector Perez
training	Williams
training	Shakespeare
training	Jack Torrence
training	A Lucas Buck
training	Andy Garcia
training	Christy
training	Mark Piznarski
training	Josh Hamilton
training	Julia Stiles
training	Jerry O'connell
training	Jeremy Sisto
training	Jordana Brewster
training	Leonard Roberts
training	Bill Smitrovich
training	Annie Corley
training	Charles S. Dutton
training	Reverend Willie Taylor
training	Cox
training	Coxism State
training	Zach
training	Chevy
training	Matthew Perry
training	Martin Sexton
training	Cox
training	Elliot
training	Scott Foley
training	Salma Hayek
training	Jackie Chan
training	Conan
training	John
training	John
training	Melissa
training	Buffy
training	La
training	La
training	Punky
training	Mellisa Joan
training	Melissa
training	Caroline Rhea
training	Hilda
training	Morgan
training	Nickeleoden Uk
training	Mellissa Joan-hart
training	Clarrissa Explains All
training	Sabrina
training	Lena Olin
training	Blue Raja
training	William H. Macy
training	Shoveler
training	Janeane Garofalo
training	Ben Stiller
training	Bachan
training	Amitabh
training	Nayakan
training	Kamala Hassan
training	Amitabh
validation	Bad Acting
validation	James
validation	François Coste
validation	Daniel Auteuil
validation	Dany Boon
validation	Daniel Auteuil
validation	Leconte
validation	François
validation	Julie Gayet
validation	Catherine
validation	Les Bronzes
validation	Allison
validation	Michael Caine
validation	Candace Bergen
validation	Michael Caine
validation	Basil
validation	Nigel Bruce
validation	Holmes
validation	Tobel
validation	Scotland
validation	Dennis Hoey
validation	Tobel
validation	Holmes
validation	Tobel
validation	Basil Rathbone
validation	Tatum
validation	Starts Zaga Zow
validation	Ziga Zow
validation	Amanda
testing	Virzi
testing	Monica Bellucci
testing	Sabrina Impacciatore
testing	Daniel
testing	Auteuil
testing	Napoleon
testing	Natalya
testing	Super Mario
testing	Mario Kart
testing	Perfect Dark
training	Shirley Jones
training	James
training	Harrison
training	Tank
training	Stay
training	Moon
training	Ittenbach
training	Peter Jackson
training	Jackson
training	Bad Taste
training	Premutos
training	Red Hair
training	Miriam Hopkins
training	Claude Rains
training	Chaplin
training	Garbo
training	Hitchcock
training	Lady
training	Miriam
training	Spielberg
training	Craven
training	Eyes
training	Todd Schaefer
training	Kenny Johnson
training	Kevin Mcparland
training	Jennifer Mcallister
training	Jack
training	Walter Matthau
training	Lemmon
training	Matthau
training	Pryor
training	Wilder
training	Marx
training	Chaplin
training	Keaton
training	Walter
training	Jack Lemmon
training	Alan
training	Evelyn
training	Freddy
training	Alice
training	Strange
training	Nancy
training	Kirsten
training	Alice
training	Lisa
training	Wilcox
training	Freddy
training	Freddy
training	William Holden
training	Jennifer Jones
validation	Kong
validation	William Holden
validation	Jennifer Jones
validation	Beautiful
validation	Alfred Newman
validation	Henry King
validation	Jones
validation	Ryan Phillippe
validation	John
validation	Billy Bob Thorton
validation	Jamie Lee Curtis
validation	Jamie
validation	Homegrown
validation	Jamie Lee Curtis
validation	Billy Bob
validation	Ryan Philippe
validation	Billy Bob Thornton
validation	Jon Bon Jovi
validation	Ted Danson
validation	Jamie Lee Curtis
validation	Half Baked
validation	John Lithgow
validation	Malcolm
validation	Joseph Mazzello
validation	Brad Renfro
validation	Huckleberry Finn
validation	Eric
validation	Dexter
validation	Hillerman
validation	Tantoo
testing	Tantoo Cardinal
testing	Coyote Waits
testing	Robert Redford
teating	Hillerman
testing	Adam
testing	Hollywood
testing	Gibson
testing	Adam Beach
testing	Tony Hillerman
testing	Tony
testing	Peter Falk
testing	Milly Dowler
testing	Ben Mezrich
testing	Schlesinger
testing	Shirley
testing	Bill Hicks
testing	George Lucas
testing	Baio
testing	Erika Eleniak
testing	Anton Newcombe
training	Kelsey
training	King Boxer
training	Kenny Doughty
training	Paco
training	Larry Miller
training	Madsen
training	Ramo
training	Igor
training	Wally Cox
training	Bette Davis
training	George W Bush
training	Shakespeare
training	La Momia
training	Vincent
training	Shakespear
training	Danny
training	Steven Spielberg
training	Antonio Sabato Jr
training	Darby
training	Gigli
training	Eddie
training	Dylan O'leary
training	Corbin Bernsen
training	Gena Rowland
training	Werner Henze Simon
training	Jimmy Cliff
training	Henson
training	Charlton Heston
training	Majkowski
training	Mary Poppins
training	Roy Scheider
training	Northfork
training	John Waters
training	Bennett
training	Nicolas Cage
training	Dave Grohl
training	Columbo
training	Debbie Boone
training	Roxy
training	Jeff Goldblum
training	Robert Wagner
training	Michael Moore
training	Freud
training	Gary Lewis
training	Brad Pit
training	Michael Jackson
training	Columbo
training	Patrick Rea
training	Kimi
training	Alec Guinness
validation	Arnold
validation	Sandra Bullock
validation	Adolf Hitler
validation	Bogart
validation	George
validation	Vin Diesel
validation	Dolemite
validation	Flash Gordon
validation	Matt Newton
validation	This Robert Altman
validation	Victor E Frankl
validation	Ms Xavier
validation	John Thaw
validation	Gretchen Moll
validation	Russell
validation	Lucille Ball
validation	Simon
validation	Henson
validation	Alec Guinness
validation	Sabrina
validation	Angelina Jolie
validation	Nigel Marvin
validation	Goldberg
validation	Sammo Hung
validation	Walter Pidgeon
validation	Robert Deniro
validation	Newhart
validation	Jay Walker
validation	Paul Keenan
validation	Andie Macdowell
training	Annemarie Schwarzenbach
training	Jeanette Hain
validation	Mendez
testing	Nikolai Cherkasov
training	Landlord Edgar Kennedy
training	Jennifer Jason Leigh
training	Tom Courtenay
training	Leandro Lucchetti
training	Jill Johnson
training	Ronald Sanders
training	Andy Rodoreda
training	Mark Borchardt
training	Tom Arnold
training	Heath Ledger
training	Michael Curtiz
training	Mimi Kinkade
training	Renee Zellweger
training	Martin Niemoller
training	Martin Niemoller
training	Cristina Marsillach
training	John Malkovich
training	Sebastian Gutierrez
training	Andreas Kunze
training	Hal Havins
training	Cole Wlikerson
training	Kirk Douglas
training	Claude Rains
training	Tom Atkins
training	Spike Feresten
training	Dario Argento
training	Phil K. Dick
training	Evan Richard
training	Steve Johnson
training	Hector Cordoba
training	Valerie Harper
training	Anita Mui
training	Bill Murray
training	Charles Korvin
training	John Garfield
training	Cindy Crowford
training	Errol Morris
training	Samuel L Jackson
training	Tarantino
training	Mel Gibson
training	Frankie Muniz
training	Sean Connery
training	John Cassavetes
training	Aidan Quinn
training	Karen Mills
training	Glenn Ford
training	Craig Brewer
training	John Woo
training	Joan Cusack
training	Catherine Deneuve
testing	Connie Gilchrist
testing	Angelina Jolie
testing	Don Quixote
testing	Rudy Ray Moore
testing	Matthew Modine
testing	Charley Chase
testing	Yukio Mishima
testing	Wonder Showzen
testing	Charles Darwin
testing	Bryan Brown
testing	John Larch
testing	James Gandolfini
testing	Audrey Hepburn
testing	Jean Louis Tringtignat
testing	Susan Fletcher
testing	Jesus Ponce
testing	John Savage
testing	Guy Ritchie
testing	Spike Feresten
testing	Mao Tse Dung
validation	Edgar Kennedy
validation	Marina Zudina
validation	Alan Rickman
validation	Emile Zola
validation	Justin Kerrigan
validation	Oleg Yankovsky
validation	James Whitmore
validation	Ritchie
validation	Yevgeny Nourish
validation	Elmer Bernstein
validation	Paul Wendkos
validation	Lara Parker
validation	Paul Williams
validation	Anne Bancroft
validation	Erika Kohut
validation	Will Smith
validation	Lola Albright
validation	Grace Pat Adam
validation	Tommy Lee Jones
validation	Tarantinos
training	Rubin Carter
training	Robin Williams
training	Keenan Ivory Wayans
training	Michael Callan
training	Joseph Green
training	Quintana
training	Greg
training	Julian Sands
training	Alexandra
training	Donald
training	Peter Lorre
training	Tommy Lee Jones
training	Nicolas Cage
training	Michael Madsen
training	Angela Bassett'
training	Tommy Boy
training	Venessa Redgrave
training	Steve
training	Ajay
training	Lorna Doone
training	Peter Sellers
training	Yaphet Kotto
training	Malcom Mcdowall
training	Dutta
training	Ben Mezrich
training	Andy Mcnabb
training	Rosanna Arquette
training	David Bowie
training	Caridad
training	Victor Garber
training	Sherriff Roscoe
training	Jack Jones
training	Bruce Davidson
training	Regina Lund
training	Ellen Page
training	Olsen
training	Miike
training	Paul Verhoeven
training	Stanley Tucci
training	Nikki Berwick God
training	Cody
training	John Waters
training	Grisham
training	Henry Silva
training	Jonbenet Ramsey
training	Carlos Mencia
training	Brenda Blethyn
training	Brendan Fraser`s
training	Jackie Brown
training	Nicholas Cage
validation	Adolf
validation	Bruce Willis
validation	Mike Meyers
validation	Ben Affleck
validation	Chris Shadley
validation	George Romero
validation	Taz
validation	Gellar
validation	Richard Condon
validation	Patterson
validation	Kusturica
validation	Sean Connery
validation	Melville
validation	Chris Kattan
validation	Angelina Jolie
validation	William Shakespeare
validation	Jeffrey Combs
validation	Stephen Chow
validation	Sean Bury
validation	George
validation	Harald Zwart
validation	Amanda Bynes
validation	Sandra Bullock
validation	Alan Rickman
validation	Mrs Kogan
validation	Elaine
validation	Brenda Vaccaro
validation	Julie Andrews
validation	Peter Dalle
validation	Ali
testing	Barbara Payton
testing	Park Chan-wook
testing	Luigi Bazzoni
testing	Joe
testing	Sabrina
testing	Hauer
testing	Mika Waltari
testing	Traffik
testing	John Leguizamo
testing	Charlie
training	Alison Elliott
training	Vincent D'onofrio
training	Jennifer Lopez'
training	D'onofrio
training	Andrew Davis
training	Shia Lebouf
training	Chris Gunn
training	Jason Connery
training	Helen Baxendale
training	Christopher Walken
training	Glenn Close
training	Jack Palance
training	Gary Kroeger
training	John Wayne
training	Marc Singer
training	Bill Murray
training	Murray
training	Matthew Mcconaughey
training	Janeane Garofalo
training	Linda Fiorentino
training	Mcconaughey
training	M.j. Fox
training	Hugh Laurie
training	Mark Wahlberg
training	Jennifer Aniston
training	John Waters
training	Morgan Freeman
training	Carrey
training	Freeman
training	Kristen Bell
training	Anne Heche
training	Bell
training	Heche
training	Diane Ladd
training	Elizabeth Taylor
training	Mickey Rooney
training	Jennifer Sky
training	Gina Torres
training	Victoria Pratt
training	Danielle Cormack
training	Mathew Mcconaughey
training	Kate Hudson
training	Orson Welles
training	Claudette Colbert
training	Welles
training	James Marsden
training	William Sadler
training	Gruner
training	Jackie Chan
training	Billy Crystal
validation	Richard Rossi
validation	Gruner
validation	Danny Devito
validation	Paul Rudd
validation	Paul Rudd
validation	Bree Turner
validation	Glover
validation	Short
validation	Richard Barthelmess
validation	Sally Eilers
validation	Tom Brown
validation	Eilers
validation	Sandler
validation	Bob Barker
validation	Jonathon Freeman
validation	Gilbert Gottfried
validation	Jason Alexander
validation	Dan Castellaneta
validation	Jim Cummings
validation	Adam Sandler
validation	Adam Sandler
validation	Jim Carrey
validation	Christopher Walken
validation	Amy Poehler
validation	Henry Winkler
validation	Keira Knightley
validation	Bridget Fonda
validation	Robert Morse
validation	Errol Flynn
testing	Gilbert Gottfried
testing	Adam Sandler
testing	Jim Carrey
testing	John Wayne
testing	Danny Devito
testing	Jack Nicholson
testing	Robert Deniro
testing	Billy Crystal
testing	Hugh Jackman
testing	Guy Ritchie
testing	Uma Thurman
training	Christopher Walken
training	Bret Carr
training	Roger Livesey
training	Cinderella
training	Fartman Maurice
training	Kate
training	Phillip
training	Sheeta
training	Dr Petiot
training	Ed Harris
training	Bill Ivans
training	Emma Roberts
training	John Adam
training	Arnold Ridley
training	Abhay
training	Jeremy Northam
training	Conchatta Ferrell
training	Eric Williams
training	George Clooney
training	Jenna Jameson
training	Al Pacino
training	John Hughes
training	Angelina Jolie
training	Paltrow
training	John Lithgow
training	Brad Pitt
training	Brendan Frazer
training	Tom Bosley
training	Martin Luther King
training	Laurence Olivier
training	Ivan Trojan
training	Verhoeven
training	Jay Chou
training	Sadie
training	Chris Sarandon
training	Ashley Judd
training	Tony
training	Teresa Pavlinek
training	Wu Ma
training	Bryan Adams
training	Stacy Peralta
training	'smita Patil'
training	Ruth Gordon
training	Robert Drivas
training	Judd Nelson
training	Ashley Judd
training	Jafar Panahi
training	Albert
training	Marta Belenguer
training	Busby Berkley
validation	Ben Stiller
validation	David Beckham
validation	Walerian Borowczyk
validation	Jeremy Clarkson
validation	Ricky Ullman
validation	Jim Carey
validation	Jim Larson
validation	Cary Grant
validation	Michael Redgrave
validation	Gena Rowland
validation	Madhur
validation	Eddie
validation	Meryl Streep
validation	Michelle Rodriguez
validation	Kurt Russel
validation	Jud Nelson
validation	Dean Koontz
validation	Raquel Welch
validation	Charlotte Arnold
validation	Abel Ferrara
validation	William H Macy
validation	Robert Carlylse
validation	Dragon Hunt
validation	Halfdan Hussey
validation	Paxton
validation	Abel Ferrara
validation	Don Peake
validation	Cj Stacy
validation	Tom Selleck
validation	Dunk Ernest
testing	Lon Chaney Jr
testing	Jack
testing	David Lynch
testing	Leo Gorcey
testing	Mr Gastineau
testing	Darwin
testing	Richard Kelly
testing	Leni Riefenstahl
testing	Simpson
testing	Roslin
training	Holly
training	Patric
training	Holly
training	Patric
training	Ron Livingston
training	Holly
training	Ron Livington
training	Thuy Nguyen
training	Holly
training	James
training	Eric Monte
training	Jimmie
training	Walker
training	Esther Rolle
training	Pitt
training	Michael
training	Ray Wise
training	Clare Wren
training	Black
training	America
training	Pauline
training	Edward Everett Horton
training	Michael
training	Weldon
training	Pauline
training	Elvira
training	John De Bello
training	Costa Dillon
training	David Miller
training	Eric Christmas
training	Al Sklar
training	Tom Coleman
training	Sharon Taylor
training	John Qualls
training	Morbius
training	Altaira
training	Altair
training	Morbius
training	Anne
training	Altaira
training	Jack
training	Walter Pidgeon
training	Saura
training	Michael
training	Pollard
training	Montana
training	Shawn Cassidy
training	Lucas Black
training	Caleb
training	David Lynch
validation	Linda
validation	Lovelace
validation	Chuck Traynor
validation	Linda
validation	Lovelace
validation	Antonio
validation	Pearce
validation	Orlando Jones
validation	Jeremy Irons
validation	Mr. Wells
validation	Guy Pierce
validation	Cherry
validation	Kansas
validation	Drew
validation	Barrymore
validation	Drew
validation	Drew Barrymore
validation	Drew
validation	Barrymore
validation	Drew Barrymore
validation	Drew
validation	Barrymore
validation	David
validation	Drew
validation	Mr. Wells
validation	Drew Barrymore
validation	Kevin Tenney
validation	Sam Raimi
validation	George A. Romero
validation	Alvin Alexis
testing	James Stewart
testing	Jo Mckenna
testing	Doris
testing	Louis Bernard
testing	Daniel Gélin
testing	Christopher Olsen
testing	Hitchcock
testing	Stewart
testing	Que Sera
testing	Albert Hall
training	Darkhunters
training	Hartley
training	Laurie
training	Kinski
training	Minnelli
training	Madonna
training	Baldi
training	Burton
training	Rai
training	Tarantino
training	Boll
training	Bela
training	Julia
training	Seagal
training	Huston
training	Wood
training	Boorman
training	Boll
training	Armand
training	Pete
training	M. Night Shaymalan
training	Corey
training	Boll
training	Burton
training	Angela
training	Hartley
training	Rich Christiano
training	Lugosi
training	Altman
training	Alan
training	Frank
training	Huppert
training	Boorman
training	Michael Jackson
training	Richie
training	Travolta
training	Greenaway
training	Huston
training	Scacchi
training	Kathy
training	Warren
training	Decarlo
training	Stiller
training	Mirren
training	Hitcher
training	Snyder
training	Snider
training	Rothrock
training	Kathy
training	Lang
validation	Arnie
validation	Campbell
validation	Josie
validation	Lugosi
validation	Lugosi
validation	Madonna
validation	Bunuel
validation	Frank
validation	Sheen
validation	Minnelli
validation	Grayson
validation	Sinatra
validation	Coppola
validation	Curt
validation	Corey
validation	Snyder
validation	Boll
validation	Kathy Bates
validation	Troma
validation	Hepburn
validation	Tarantinos
validation	Bunuel
validation	Boll
validation	Connery
validation	Lynch
validation	Sinatra
validation	Sinatra
validation	Boll
validation	Gaiman
validation	Hogan
testing	Russo
testing	Tarantino
testing	Wood
testing	Huston
testing	Tarantino
testing	Corey
testing	Romero
testing	Zucker
testing	Kaas
testing	Milland
training	Foxx
training	Kimberly Elise
training	Jamie Kennedy
training	Thelma Ritter
training	Richard Widmark
training	Richard Kiley
training	John Woo
training	Jackie Chan
training	Shrek
training	Johnny Kitagawa
training	Wes Craven
training	Wes Craven
training	Rachel Mcadams
training	Cillian Murphy
training	Chuck Jones
training	Ally Sheedy
training	Sanjay
training	Krishna Wamsi
training	Paulie
training	Tony Shalhoub
training	Rosario Dawson
training	Will Smith
training	Sidney J. Furie
training	Lundgren Rules
training	Jennifer Baxter
training	Parker
training	Samantha
training	Sam
training	Soylent Green
training	Tarantino
training	Heston
training	Tony Randall
training	Debbie Reynolds
training	Dvid Trainer
training	Rachel Griffiths
training	Griffiths
training	Bud Tingwell
training	Kenneth
training	Kate Winslet
training	Valerie
validation	Tina Fey
validation	Peet
validation	Vincenzo Natali
validation	Weber
validation	Danny Tanner
validation	Joey
validation	Flynn
validation	Verhoeven
validation	Peggy
validation	Beowulf
validation	Romane Bohringer
validation	Selina
validation	Garrett
validation	Annemarie Johnson
validation	Deandre
validation	Anderson
validation	Raimi
validation	Watson
validation	Prot
validation	Dominique Swain
validation	Jeff
validation	Dodsworth
validation	Paul Reiser
validation	Karate Kid
validation	Huston
validation	Marple
validation	Candy
validation	Mallrats
validation	Emily
validation	Gary Sherman
validation	Ray Charles
validation	Holmes
validation	Hector Babenco
validation	Tammy
validation	Amir
validation	Rosalind Russell Movies
validation	Beavis
validation	Dorothy Lamour
validation	Nathalie Kelley
validation	Stewart
testing	Harald
testing	Jonathan Flora
testing	Dave Fleischer
testing	Sister Mary
testing	Taylor
testing	Su Lizhen Chan
testing	Papa Lazarou
testing	Bambi
testing	Meadows
testing	Cecilia
training	Willie Nelson
training	Antonio
training	Lane
training	David Hasselhoff
training	Boll
training	Whitney Houston
training	Claude Lelouch
training	Batman
training	Montgomery Clift
training	Lonesome Jim
training	Jack Warner
training	Selma Blair
training	Sean Connery
training	Stang
training	Alex
training	Jimmy Durante
training	Barbet Schroeder
training	Blake Edwards
training	Vince Guaraldi
training	Romero
training	De Sica
training	Scott
training	Kylie Minogue
training	Turner
training	Helen
training	Saul Rubinek
training	Dylan O'leary
training	Turner
training	Jean Smart
training	Kay Lenz
training	Channing
training	Judi Dench
training	Kelly
training	Angelica
training	Hitchcock
training	Sam
training	Kurtz
training	Tommy
training	Vince Mcmahon
training	Madeleine
validation	Rowan Atkinson
validation	Kris Kristofferson
validation	Priss
validation	Robert Siodmak
validation	Aubrey
validation	Caan
validation	Giallo
validation	Granted Murphy
validation	Bambi
validation	Keiko
validation	Ellen
validation	Polo
validation	Melanie Griffith
validation	Spike Dudley
validation	Garfield
validation	Bellamy
validation	Bollan
validation	Ed Burns
validation	Morgan J. Freeman
validation	Peter
validation	Machaty
validation	Katie
validation	Margera
validation	Juliette Binoche
validation	Madeleine
validation	Scott Wolf
validation	Trump
validation	Nausicaa
validation	Dunaway
validation	Wolf
validation	Neil Simon
validation	Mark Dacascus'
validation	Diaz
validation	Reeves
validation	Cecilia
validation	Jackie Cooper
validation	Yamamoto
validation	Vincent Massey
validation	Jane Austen
validation	Andie Anderson
testing	Moretti
testing	Unhinged
testing	Jim Carrey
testing	Lugosi
testing	Reese Witherspoon
testing	Richards
testing	Jeanne
testing	Wilson
testing	Ivana Milicervic
testing	Porter
training	Matthew
training	Mcconaughey
training	Peggy
training	Goldie
training	Gundam
training	Marian
training	Davies
training	Bill Paxton
training	Peter Bogdonavich
training	Deniz Akkaya
training	Howard Hughes
training	Boris Karloff
training	Sophia Loren
training	Kinski
training	Harry
training	Giù La Testa
training	Fidani
training	Schwarzenegger
training	Stephen King
training	Sean Penn
training	Che
training	Kubrick
training	Del Toro
training	Oliver Stone
training	Ashley
training	Tatyana Samojlova
training	Jason Segel
training	Boris
training	Murphy
training	Rocky
training	Muppet
training	Nolan
training	David Julyan
training	Schrader
training	Mishima
training	Joan Crawford
training	William
training	Haines
training	Nelson Algren
training	Elmer Bernstein
training	Kim Novak
training	Zosch
training	Frank
training	 Mr. Magoo
training	Nelson
training	Frankie
training	Mr. Bean
training	Rowan Atkinson
training	Fulci
training	Lucio Fulci
training	Gustav
training	Mahler
training	Armin Mueller-stahl
training	Diane
training	Patrick
training	Dassin
training	Jo
validation	Jules Dassin
validation	Harry
validation	Kinski
validation	Harry Langdon
validation	David Tennant
validation	Rose
validation	Eccleston
validation	Deborah Foreman
validation	Fred
validation	Nicholas Cage
validation	Julie
validation	Valley Girl
validation	Shafi Inamdar
validation	Hamlet
validation	Claudius
validation	Shakespeare
validation	Michael Cimino
validation	Averil
validation	Chabert
validation	Hearn
validation	Sweeney Todd
validation	Miike
validation	Richard Chen
validation	Takashi Miike
validation	Lynch
validation	Diane
validation	Betty
validation	Rogert Ebert
validation	Camilla
testing	Eccleston
testing	Valley Girl
testing	Claudius
testing	Hearn
testing	Miike
testing	Diane
testing	Ron Howard
testing	Adam
testing	David Lynch
